{
  "seed": 42,
  "popsize": 10,
  "maxiter": 35,
  "sigma0": 0.3,
  "obs_noise_pos": 0.0,
  "obs_noise_quat": 0.0,
  "group_b_names": [
    "friction",
    "mass",
    "com_x"
  ],
  "truth": [
    0.23294183611869812,
    0.40600916743278503,
    0.002880749525502324
  ],
  "mean": [
    0.1,
    0.44879877375305693,
    0.01
  ],
  "best": [
    0.1925845535580754,
    0.4499427116749432,
    0.0013235915569333456
  ],
  "cov": [
    [
      0.0018605886864377268,
      0.0001039175008870653,
      4.778770509526852e-05
    ],
    [
      0.00010391750088706528,
      0.0012734051735171894,
      -5.834253104273161e-05
    ],
    [
      4.778770509526852e-05,
      -5.8342531042731597e-05,
      7.554690044237738e-06
    ]
  ],
  "best_discrepancy": 7.160683302813656e-08,
  "err_mean_per_axis": [
    0.12085621465336194,
    0.10697401580067975,
    0.3559625237248838
  ],
  "err_best_per_axis": [
    0.03668843869147519,
    0.10983386060539543,
    0.07785789842844892
  ],
  "overall_mean_relative_error": 0.1945975847263085,
  "eval_count": 1400,
  "elapsed_sec": 17.37909507751465,
  "history_best": [
    0.0036384728859686706,
    9.755554554026895e-07,
    5.9564532695983e-07,
    8.918303161106984e-07,
    5.721895964580651e-07,
    4.5101800354837276e-07,
    9.0219040423028e-07,
    5.130963375933427e-07,
    4.249324683245731e-07,
    5.559991556075011e-07,
    6.444981983409124e-07,
    4.4467798442876355e-07,
    4.2267341447718057e-07,
    3.345207210294172e-07,
    1.6532301084694093e-07,
    2.7371844058192545e-07,
    2.5805056348372044e-07,
    3.8711952854544885e-07,
    1.0714247754743904e-07,
    3.0142980149880424e-07,
    3.9006028108411604e-07,
    4.707403600496437e-07,
    3.3554904604117347e-07,
    3.0993784857232874e-07,
    4.393892782143762e-07,
    1.703520067912343e-07,
    1.0552426412809828e-07,
    4.2335526354228153e-07,
    2.2662070856125756e-07,
    9.204420941545644e-08,
    4.5227581111253216e-07,
    1.9194971299127978e-07,
    9.185050468013964e-08,
    4.3619865280903874e-07,
    3.527854581667387e-07,
    0.002149295187905187,
    7.59619729710574e-07,
    6.55491653461499e-07,
    9.249779716253491e-07,
    7.127257932994639e-07,
    3.9307651692454836e-07,
    4.364103762211384e-07,
    4.964343340681697e-07,
    4.665835435728411e-07,
    2.131775442617402e-07,
    4.0079406871733846e-07,
    1.6026587060825808e-07,
    2.1543853774695652e-07,
    6.286673234916909e-07,
    5.042229361015268e-07,
    4.2274149925756935e-07,
    5.487064369206881e-07,
    3.081761642242755e-07,
    4.2715970787774315e-07,
    1.2851294295017708e-07,
    4.6935868611726304e-07,
    3.634943238204587e-07,
    4.473085896447693e-07,
    4.209247254058144e-07,
    3.9474450014314684e-07,
    3.2388507064762406e-07,
    3.966755316688686e-07,
    4.366225750615487e-07,
    3.8505367266917027e-07,
    2.0207955793363746e-07,
    9.443217183086799e-08,
    4.35826056429318e-07,
    3.752005543449663e-07,
    3.223241282560402e-07,
    3.0181404229904337e-07,
    0.003066145324260778,
    9.341651557105388e-07,
    6.86444948449864e-07,
    7.700720572834516e-07,
    1.5006979408213346e-06,
    4.989147616782586e-07,
    6.223050470684235e-07,
    4.189466451776982e-07,
    9.18027046052357e-07,
    4.3824555771612207e-07,
    5.489276474568103e-07,
    8.250256954677104e-08,
    3.8560352781773624e-07,
    4.567888746880968e-07,
    5.199956606607926e-07,
    5.366914732284402e-07,
    1.7534570505884505e-07,
    4.525377108702895e-07,
    5.120001245027925e-07,
    2.1545613775955357e-07,
    4.37502187026099e-07,
    4.010339933970802e-07,
    2.1013726076176067e-07,
    3.384696607606285e-07,
    4.217983255179558e-07,
    4.3494397652894224e-07,
    1.6702893332930375e-07,
    2.1073790790181192e-07,
    4.3385572343959903e-07,
    2.902196572299525e-07,
    1.8164193921215666e-07,
    1.731377246737149e-07,
    2.2747673869217965e-07,
    3.8992566807175836e-07,
    3.841435814804932e-07,
    9.939670136752206e-07,
    5.292786136907244e-07,
    1.686427442160756e-06,
    5.434823359198372e-07,
    5.315490723708349e-07,
    6.915971973322205e-07,
    4.0240741867119094e-07,
    6.430702926911311e-07,
    9.399694048885387e-07,
    4.2762666604309386e-07,
    4.317184609625052e-07,
    1.8884007905145753e-07,
    4.5037842673910247e-07,
    5.956578871525382e-07,
    1.502835657973837e-07,
    4.1383664942732645e-07,
    4.978447657391401e-07,
    3.9537690966810385e-07,
    4.3579688520124476e-07,
    3.954712981658296e-07,
    7.160683302813656e-08,
    4.275065423896911e-07,
    4.5735646388469436e-07,
    2.285514594870607e-07,
    2.1185729906055017e-07,
    2.2935376060607919e-07,
    3.0890342768389245e-07,
    3.988827145357475e-07,
    3.698160956787866e-07,
    4.1093044995365796e-07,
    2.9704238163476466e-07,
    4.5222724115898445e-07,
    2.0902997012318983e-07,
    4.4896607988075825e-07,
    1.6903967563768036e-07
  ],
  "posterior_n": 200,
  "posterior_mean": [
    0.2050094016653268,
    0.43341868198374983,
    0.001698194860779173
  ],
  "posterior_std": [
    0.02979960718643445,
    0.01764366759520609,
    0.0012196759605082217
  ],
  "posterior_err_per_axis": [
    0.025393122230337566,
    0.068523786377412,
    0.059127733236157554
  ],
  "posterior_overall_mean_relative_error": 0.05101488061463571,
  "truth_in_posterior_support": [
    true,
    true,
    true
  ]
}