{
  "n": 2000,
  "seed": 1,
  "success_rate": 0.6815,
  "fail_rate": 0.3185,
  "nn_label_agreement": 0.9035,
  "null_baseline": 0.5658845,
  "structure_score": 0.33761549999999996,
  "marginal_fail_rates": {
    "obj_x": [
      0.2905759162303665,
      0.332541567695962,
      0.3132832080200501,
      0.33163265306122447,
      0.3226600985221675
    ],
    "obj_y": [
      0.3233256351039261,
      0.3160621761658031,
      0.30673316708229426,
      0.3253968253968254,
      0.3208955223880597
    ],
    "obj_yaw": [
      0.3427835051546392,
      0.3324607329842932,
      0.30676328502415456,
      0.3014705882352941,
      0.3112745098039216
    ],
    "friction": [
      0.8575197889182058,
      0.541025641025641,
      0.23037974683544304,
      0.02358490566037736,
      0.0
    ],
    "mass": [
      0.05515587529976019,
      0.1810810810810811,
      0.3204819277108434,
      0.4282178217821782,
      0.6116751269035533
    ],
    "com_x": [
      0.35809018567639256,
      0.3229665071770335,
      0.30843373493975906,
      0.3032581453634085,
      0.30179028132992325
    ]
  },
  "elapsed_sec": 23.688631057739258,
  "ms_per_sim": 11.844315528869629
}