{
  "step1_index": 1824,
  "true_params": {
    "obj_x": 0.011759004555642605,
    "obj_y": 0.002672219881787896,
    "obj_yaw": -0.1899772733449936,
    "friction": 0.23294183611869812,
    "mass": 0.40600916743278503,
    "com_x": 0.002880749525502324
  },
  "true_group_A": {
    "obj_x": 0.011759004555642605,
    "obj_y": 0.002672219881787896,
    "obj_yaw": -0.1899772733449936
  },
  "true_group_B": {
    "friction": 0.23294183611869812,
    "mass": 0.40600916743278503,
    "com_x": 0.002880749525502324
  },
  "final_obj_z": 0.024996873620279737
}